ent_num,alt_num,alt_type,alt_name,alt_remarks
9639,9150,aka,"HANIYA, Ismail",
9639,9151,aka,"HANIYYA, Ismaeel",
9640,9152,aka,"ABU TAIR, Mohammed Mahmud",
9640,9153,aka,"ABOU TAYR, Mohammad Mahmoud",
9641,9154,aka,"EL-SHANTI, Jameela Abdallah",
9641,9155,aka,"AL SHANTEE, Jamila Abed Allah",
9642,9156,aka,"ALA AL DIN, Mohamad Nouman",
9642,9157,aka,"AL NATSHEH, Mohammed",
9644,9158,aka,"RABBAI, Khalil Mussa",
9645,9159,aka,"AL QRENAWI, Houda Naim",
9647,9160,aka,"AL ZAHAR, Mahmoud Khaled",
9648,9161,aka,"HASAN DOUKHAN, Abdul Fattah",
9651,9162,aka,"QARAWI, Mohammed Fathi",
9652,9163,aka,"AL-ZBOUN, Anwar Muhammad",
9653,9164,aka,"NAWFAL, Imad Mahmoud",
9655,9165,aka,"MANSOUR, Muna Salem",
9656,9166,aka,"EL ABADSA, Yehia Abdul Aziz",
9659,32437,aka,"HAMMAD, Fathi Ahmad",
9659,32438,aka,"HAMAD, Fathy Ahmed",
9659,32439,aka,"HAMAD, Fathi",
9661,9167,aka,"ABU MUSAMEH, Sayed Salem",
9662,9168,aka,"ABOU RAAS, Merwan Muhammed",
9663,9169,aka,"HALAYQA, Sameera Abed Allah",
9668,9170,aka,"DWAIK, Aziz Salem Mustada",
9669,9171,aka,"SALHAB, Azzam Numan Rahman",
9669,9172,aka,"SALHAB TAMIMI, Azzam No'man Abdel Rahman",
9670,9173,aka,"RAMADAN, Nizar Abd-Al-Aziz",
9671,9174,aka,"RAJOUB, Naif Mahmod",
9672,9175,aka,"AL-QADI, Sameer Saleh",
9673,9176,aka,"ABU JHESHEH, Mohammad Mutlaq",
9673,9177,aka,"ABU JEHEISHA, Mohammed",
9674,9178,aka,"KAFEESHEH, Hatem Rabah",
9674,9179,aka,"QEFEISHA, Hatem",
9674,9180,aka,"ABU ANED, Hadj Hatem",
9675,9181,aka,"ZAAREER, Basim Ahmad",
9676,9182,aka,"AL-TAL, Mohammad Ismail",
9677,9183,aka,"ABU SAIR, Da'oud Kamal Da'oud",
9678,9184,aka,"KHUDAIR, Hamid Sulieman Jabir",
9679,9185,aka,"YASIN, Husni Mohammad Bourini",
9680,9186,aka,"AMLI, Riyad Ali Mustafa",
9681,9187,aka,"AHMAD, Ahmad Ali Ahmad",
9682,9188,aka,"DAR KHALIL, Hasan Youssef Daoud",
9682,9189,aka,"DAR KHALIL, Hassan Yousef Dawoud",
9683,9190,aka,"HAMDAN, Fadel Mohammad Saleh",
9684,9191,aka,"MUSLEH, Mahmoud Ibrahim Mahmoud",
9685,9192,aka,"MUBARAK, Ahmad Abdel Aziz Saleh",
9686,9193,aka,"THOUAIB, Khaled Ibrahim Tafish",
9686,9194,aka,"DWEIB, Khaled Tafesh",
9687,9195,aka,"AL-KHATIB, Mahmoud Daoud Mahmoud",
9688,9196,aka,"YEHIA, Khaled Said",
9689,9197,aka,"ABOU HASSAN, Khaled Suleiman Fayez",
9689,9198,aka,"ABU HASAN, Khalid Sulayman Fayiz",
9690,9199,aka,"ZEIDAN, Abdel Rahman Fahmi Rahman",
9691,9200,aka,"RADAD, Riyad Mahmoud Sa'eed",
9691,9201,aka,"AL-SEDAWI, Riyad Radad",
9692,9202,aka,"ATTOUN, Ahmad Mohammad Ahmad",
9692,9203,aka,"ATOON, Ahmed Muhamad Ahmed",
9693,9204,aka,"ABOU SALEM, Ibrahim Said Hasan",
9694,9205,aka,"TAWTAH, Mohammad Omran Saleh",
9694,9206,aka,"TAWTA, Muhamed Umran Salih",
9695,9207,aka,"ABDUL RAHMAN, Wael Muhammed",
9695,9208,aka,"ABED AL RAHMAAN, Wael Mohamad",
9696,9209,aka,"ABDEL JAWAD, Nasir Abdullah Odeh",
9697,9210,aka,"ABU QOUS, Khalid Hamad Hamid",
9698,9211,aka,"NAJJAR, Khamis Jawdat Khamis",
9699,9212,aka,"EL BARDAWIL, Salah Mohammad",
9700,9213,aka,"EL-ASTAL, Younis Mohe-eldeen Fayez",
9701,9214,aka,"AL-JAMAL, Abdel Al-Rahman Yusef",
9702,9215,aka,"SALAMEH, Salem Ahmad Abdel Hadi",
9703,9216,aka,"SEYAM, Said Mohammad",
9703,9217,aka,"SIYAM, Saeed Mohammad",
9704,9218,aka,"BAHAR, Ahmed Mohamed",
9705,9219,aka,"NASSER, Jamal Talab Mohammad Saleh",
9705,9220,aka,"SALEH, Jamal Talab",
9706,9221,aka,"ELHYYA, Khalil Esmaeel",
9707,9222,aka,"ELGHOUL, Mohammad Faraj Mahmood",
9708,9223,aka,"ELHABEL, Moshir Omar",
9708,9224,aka,"EL-MASRI, Moshir",
9709,9225,aka,"ADWAN, Atef Ibrahim",
9709,9226,aka,"IDWAN, Atef Ibrahim Mohammad",
9710,9227,aka,"AL-SHRAFI, Yousef Awad",
9711,9228,aka,"AL-ALASHQAR, Ismail Abdallatif",
9712,9229,aka,"SHEHAB, Mohamed Abed Hadi Rahman",
15268,22509,fka,KARAMAY URBAN CREDIT COOPERATIVES,
15268,22510,fka,KARAMAY CITY COMMERCIAL BANK CO LTD.,
17013,26072,fka,JSC VTB BANK,
17013,26073,fka,BANK VTB OPEN JOINT STOCK COMPANY,
17013,26075,fka,BANK VNESHNEY TORGOVLI OPEN JOINT STOCK COMPANY,
17013,26076,fka,BANK VNESHNEY TORGOVLI JOINT STOCK COMPANY,
17013,26077,fka,BANK VNESHNEI TORGOVLI RSFSR,
17013,26078,fka,BANK VNESHNEY TORGOVLI ROSSIYSKOY FEDERATSII CLOSED JOINT STOCK COMPANY,
17013,26079,fka,VNESHTORGBANK ROSSII CLOSED JOINT STOCK COMPANY,
17013,26081,fka,BANK VTB OAO,
17013,54895,aka,VTB BANK PAO,
17013,54896,fka,VTB BANK OAO,
17013,54900,aka,VTB BANK PJSC,
17013,54902,aka,BANK VTB PUBLICHNOE AKTSIONERNOE OBSHCHESTVO,
17013,54903,aka,VTB BANK,
17013,54907,fka,OAO BANK VTB,
17013,54908,fka,VTB BANK OPEN JOINT STOCK COMPANY,
17013,54909,fka,BANK VNESHEI TORGOVLI OAO,
17013,54912,fka,BANK VNESHNEI TORGOVLI ROSSISKOI FEDERATSII AS A PRIVATE JOINT STOCK COMPANY,
17013,54914,fka,OAO VNESHTORGBANK,
17013,54940,fka,BANK OF FOREIGN TRADE OF THE RUSSIAN FEDERATION,
17013,54941,fka,BANK FOR FOREIGN TRADE OF RSFSR,
17013,54942,fka,VNESHTORGBANK OF RSFSR,
17013,54943,fka,CJSC BANK FOR FOREIGN TRADE OF THE RUSSIAN FEDERATION,
17013,54944,fka,RUSSIAN VNESHTORGBANK,
17013,54945,fka,VNESHTORGBANK,
17013,54946,fka,OJSC CJSC BANK FOR FOREIGN TRADE,
17013,55124,aka,BANK VTB PAO,
17014,26083,aka,RUSSIAN AGRICULTURAL BANK,
17014,26084,aka,RUSSIAN AGRICULTURAL BANK OPEN JOINT STOCK COMPANY,
17014,26085,aka,ROSSELKHOZBANK,
17014,26086,aka,RUSSIAN AGRICULTURAL BANK OJSC,
17015,55018,aka,GOSUDARSTVENNAYA KORPORATSIYA RAZVITIYA VEB.RF,
17015,55019,aka,STATE DEVELOPMENT CORPORATION VEB.RF,
17015,55020,aka,GK VEB.RF,
17015,55021,aka,VEB.RF,
17015,55023,fka,VNESHECONOMBANK,
17015,55024,fka,VNESHEKONOMBANK SSSR,
17015,55025,fka,VNESHEKONOMBANK GK,
17015,55026,fka,BANK FOR FOREIGN TRADE OF THE U.S.S.R.,
17016,26095,fka,GAZPROMBANK OPEN JOINT STOCK COMPANY,
17016,54916,aka,BANK GPB JSC,
17016,54917,aka,GAZPROMBANK AO,
17016,54918,fka,JOINT STOCK BANK OF THE GAS INDUSTRY GAZPROMBANK,
17017,26099,aka,JOINT STOCK COMMERCIAL BANK - BANK OF MOSCOW OPEN JOINT STOCK COMPANY,
17017,26100,fka,AKTSIONERNY KOMMERCHESKI BANK BANK MOSKVY OTKRYTOE AKTSIONERNOE OBSCHCHESTVO,
17017,59455,fka,BANK MOSKVY PAO,
17017,59456,fka,BANK OF MOSCOW,
17017,59457,aka,BM BANK PUBLIC JOINT STOCK COMPANY,
17017,59458,aka,PAO BM BANK,
17017,59459,aka,BM BANK AO,
17018,26102,aka,SBERBANK ROSSII,
17018,26103,fka,SBERBANK ROSSII OAO,
17018,26104,fka,OTKRYTOE AKTSIONERNOE OBSHCHESTVO SBERBANK ROSSII,
17018,54948,aka,SBERBANK OF RUSSIA,
17018,54949,aka,PJSC SBERBANK,
17018,54950,fka,OPEN JOINT STOCK COMPANY SBERBANK OF RUSSIA,
17018,54951,fka,OJSC SBERBANK OF RUSSIA,
17018,54952,fka,JOINT STOCK COMMERCIAL SAVINGS BANK OF THE RUSSIAN FEDERATION,
17018,54953,fka,JOINT STOCK COMMERCIAL SAVINGS BANK OF THE RUSSIAN SOVIET FEDERATIVE SOCIALIST REPUBLIC,
17018,54954,fka,SBERBANK OF RSFSR,
17022,26109,aka,OJSC ROSNEFT OIL COMPANY,
17022,26110,aka,ROSNEFT OIL COMPANY,
17022,26111,aka,OAO ROSNEFT OIL COMPANY,
17022,26112,aka,OIL COMPANY ROSNEFT,
17022,26113,aka,ROSNEFT,
17064,26208,aka,FINANSOVO-INVESTITSIONNAYA KOMPANIYA NOVAFININVEST OAO,
17064,26220,aka,NOVATEK,
17143,26284,aka,PUBLICHNOE AKTSIONERNOE OBSHCHESTVO GAZPROM NEFT,
17143,26285,aka,GAZPROM NEFT PJSC,
17143,26286,aka,GAZPROM NEFT PAO,
17145,26292,aka,OPEN JOINT STOCK COMPANY SURGUTNEFTEGAS,
17145,26293,aka,SURGUTNEFTEGAZ OAO,
17145,26295,aka,OTKRYTOE AKTSIONERNOE OBSHCHESTVO SURGUTNEFTEGAZ,
17145,26296,aka,SURGUTNEFTEGAS OJSC,
17145,26297,aka,SURGUTNEFTEGAS OAO,
17248,26538,aka,LUKOIL OIL COMPANY,
17248,26539,aka,LUKOIL,
17248,26540,aka,NK LUKOIL OAO,
17248,26541,aka,NEFTYANAYA KOMPANIYA LUKOIL OOO,
17250,26548,aka,GAZPROM PAO,
17250,26549,aka,PJSC GAZPROM,
17250,54934,aka,GAZPROM,
17254,26558,fka,AK TRANSNEFT OAO,
17254,26559,fka,AKTSIONERNAYA KOMPANIYA PO TRANSPORTU NEFTI TRANSNEFT PAO,
17254,26560,aka,OIL TRANSPORTING JOINT STOCK COMPANY TRANSNEFT,
17254,26561,aka,JSC TRANSNEFT,
17254,26562,aka,PJSC TRANSNEFT,
17254,26563,aka,PAO TRANSNEFT,
17254,55119,aka,PUBLICHNOE AKTSIONERNOE OBSHCHESTVO TRANSNEFT,
17260,59376,aka,"STATE CORPORATION FOR THE PROMOTION OF THE DEVELOPMENT, MANUFACTURE, AND EXPORT OF HIGH TECH PRODUCTS ROSTEC",
18267,28197,aka,ORENBURGNEFT,
18267,28198,aka,OAO JSC ORENBURGNEFT,
18268,28200,aka,"ROSEKSIMBANK, ZAO",
18268,28201,aka,RUSSIAN EXPORT-IMPORT BANK,
18268,28202,aka,GOSUDARSTVENNY SPETSIALIZIROVANNY ROSSISKI EKSPORTNO-IMPORTNY BANK (ZAKRYTOE AKTSIONERNOE OBSHCHESTVO),
18268,28203,aka,STATE SPECIALIZED RUSSIAN EXPORT-IMPORT BANK JOINT-STOCK COMPANY,
18268,54898,aka,EXIMBANK OF RUSSIA ZAO,
18268,54899,aka,EXIMBANK OF RUSSIA,
18268,54901,aka,AO ROSEKSIMBANK,
18269,28205,aka,SAMOTLORNEFTEGAZ JSC,
18269,28206,aka,SAMOTLORNEFTEGAZ,
18270,28208,aka,OJSC NORTH CAUCASUS DEVELOPMENT CORPORATION,
18270,28209,aka,OPEN JOINT-STOCK COMPANY NORTH CAUCASUS DEVELOPMENT CORPORATION,
18270,28212,aka,OTKRYTOE AKTSIONERNOE OBSHCHESTVO KORPORATSIYA RAZVITIYA SEVERNOGO KAVKAZA,
18270,28213,fka,"KRSK, OAO",
18271,28211,aka,VERKHNECHONSKNEFTEGAZ,
18271,28214,aka,OJSC VERKHNECHONSKNEFTEGAZ,
18272,28216,aka,EKSAR OAO,
18272,28217,aka,ROSSISKOE AGENTSTVO PO STRAKHOVANIYU EKSPORTNYKH KREDITOV I INVESTITSI OTKRYTOE AKTSIONERNOE OBSHCHESTVO,
18272,28218,aka,RUSSIAN AGENCY FOR EXPORT CREDIT AND INVESTMENT INSURANCE JSC,
18272,28219,aka,EXIAR OJSC,
18272,54910,aka,EXIAR,
18272,54911,aka,EXIAR JSC,
18273,28221,fka,JSC FAR EAST AND ARCTIC REGION DEVELOPMENT FUND,
18273,28224,fka,OJSC THE FAR EAST AND BAIKAL REGION DEVELOPMENT FUND,
18273,55112,aka,AO VEB.DV,
18273,55113,fka,FAR EAST AND BAIKAL REGION DEVELOPMENT FUND OJSC,
18274,28226,aka,VANKORNEFT,
18274,28227,aka,ZAO VANKORNEFT,
18275,28229,aka,"FTSPF, OAO",
18275,28230,aka,OAO FEDERALNY TSENTR PROEKTNOGO FINANSIROVANIYA,
18275,28232,fka,ZAKRYTOE AKTSIONERNOE OBSHCHESTVO FEDERALNY CENTR PROEKTNOGO FINANSIROVANIYA,
18276,28234,aka,YUGANSKNEFTEGAZ,
18276,28235,aka,RN-YUGANSKNEFTEGAZ OOO,
18277,28238,aka,"GLOBEX COMMERCIAL BANK, JOINT STOCK COMPANY",
18277,28239,aka,"GLOBEKSBANK, AO",
18277,28240,aka,AKTSIONERNOE OBSHCHESTVO KOMMERCHESKI BANK GLOBEKS,
18277,28241,fka,CJSC GLOBEXBANK,
18277,28242,fka,ZAKRYTOE AKTSIONERNOE OBSHCHESTVO KOMMERCHESKI BANK GLOBEKS,
18278,28244,aka,"KRASLESINVEST, ZAO",
18278,28245,aka,ZAKRYTOE AKTSIONERNOE OBSHCHESTVO KRASLESINVEST,
18278,28246,aka,THE CLOSED JOINT-STOCK COMPANY KRASLESINVEST,
18278,28247,aka,CJSC KRASLESINVEST,
18279,28250,aka,LIMITED LIABILITY COMPANY RDIF MANAGEMENT COMPANY,
18279,28253,aka,RDIF MANAGEMENT COMPANY LLC,
18279,28254,aka,"UK RFPI, OOO",
18279,28255,aka,OBSHCHESTVO S OGRANICHENNOI OTVETSTVENNOSTYU UPRAVLYAYUSHCHAYA KOMPANIYA RFPI,
18279,28331,aka,MANAGEMENT COMPANY RDIF LLC,
18279,28332,aka,RDIF MANAGEMENT COMPANY,
18280,28252,aka,ANGARSK REFINERY,
18281,28257,fka,LLC RESAD,
18281,28259,fka,RESAD LLC,
18281,55116,aka,INFRASTRUKTURA MOLZHANINOVO,
18282,28261,aka,NOVOKUIBYSHEVSK REFINERY,
18283,28264,aka,JSC RUSSIAN BANK FOR SMALL AND MEDIUM ENTERPRISES SUPPORT,
18283,28265,aka,JSC SME BANK,
18283,28266,aka,AKTSIONERNOE OBSHCHESTVO ROSSISKI BANK PODDERZHKI MALOGO I SREDNEGO PREDPRINIMATELSTVA,
18283,28267,aka,MSP BANK AO,
18283,28268,fka,OTKRYTOE AKTSIONERNOE OBSHCHESTVO ROSSISKI BANK RAZVITIYA,
18284,28270,aka,RN-KOMSOMOLSKI NPZ OOO,
18284,28271,aka,KOMSOMOLSK REFINERY,
18284,28272,aka,LLC RN-KOMSOMOLSK REFINERY,
18285,28274,aka,SVIAZ-BANK AKB PAO,
18285,28275,aka,MEZHREGIONALNY KOMMERCHESKI BANK RAZVITIYA SVYAZI I INFORMATIKI (PUBLICHNOE AKTSIONERNOE OBSHCHESTVO),
18285,28276,aka,INTERREGIONAL BANK FOR SETTLEMENTS OF THE TELECOMMUNICATIONS AND POSTAL SERVICES,
18286,28279,aka,OOO VEB KAPITAL,
18286,28280,aka,OBSHCHESTVO S OGRANICHENNOI OTVETSTVENNOSTYU INVESTITSIONNA YA KOMPANIYA VNESHEKONOMBANKA,
18286,28283,aka,LLC VEB CAPITAL,
18287,28285,aka,OOO VEB INZHINIRING,
18287,28286,aka,OBSHCHESTVO S OGRANICHENNOI OTVETSTVENNOSTYU VEB INZHINIRING,
18287,55043,aka,VEB ENGINEERING LIMITED LIABILITY COMPANY,
18287,55044,aka,OOO VEB ENGINEERING,
18288,28288,aka,OAO VEB LIZING,
18288,28289,aka,OTKRYTOE AKTSIONERNOE OBSHCHESTVO VEB LIZING,
18288,28290,aka,OPEN JOINT STOCK COMPANY VEB LEASING,
18288,28291,aka,OJSC VEB LEASING,
18289,28293,fka,RGI INTERNATIONAL LIMITED,
18289,28296,fka,RGI INTERNATIONAL,
18290,28297,aka,SYZRAN REFINERY,
18290,28298,aka,OPEN JOINT-STOCK OIL AND GAS COMPANY SYZRAN,
18291,28300,aka,BELVNESHECONOMBANK OPEN JOINT STOCK COMPANY,
18291,28301,aka,BELVESHECONOMBANK OAO,
18291,55032,aka,BANK BELVEB OPEN JOINT STOCK COMPANY,
18292,28303,aka,ACHINSK REFINERY,
18292,28304,aka,OAO ACHINSK OIL REFINERY VNK,
18293,28306,aka,PSC PROMINVESTBANK,
18293,28307,aka,PUBLIC STOCK COMPANY JOINT STOCK COMMERCIAL INDUSTRIAL AND INVESTMENT BANK,
18293,28308,aka,COMMERCIAL INDUSTRIAL AND INVESTMENT BANK PUBLIC JOINT STOCK COMPANY,
18293,28309,aka,JOINT STOCK COMMERCIAL INDUSTRIAL AND INVESTMENT BANK PUBLIC JOINT STOCK COMPANY,
18294,28311,aka,KUIBYSHEV REFINERY,
18294,28313,aka,OJSC KUIBYSHEV REFINERY,
18296,28315,aka,RN HOLDING OAO,
18297,28317,aka,RN-AKTIV OOO,
18297,28318,aka,OOO NEFT-AKTIV,
18298,28320,aka,RUSSIAN REGIONAL DEVELOPMENT BANK,
18300,28323,fka,TNK TRADE LIMITED,
18669,29247,aka,SBERBANK CAPITAL LLC,
18669,29248,aka,SBERBANK KAPITAL OOO,
18669,29249,aka,OBSHCHESTVO S OGRANICHENNOI OTVETSTVENNOSTYU SBERBANK KAPITAL,
18669,29474,aka,SBERBANK CAPITAL LIMITED LIABILITY COMPANY,
18708,29285,aka,SBERBANK INVESTMENTS LLC,
18708,29286,aka,SBERBANK INVESTMENTS OOO,
18709,29288,aka,CJSC SBERBANK LEASING,
18709,29289,aka,SBERBANK LEASING ZAO,
18709,29290,aka,SBERBANK LIZING ZAKRYTOE AKTSIONERNOE OBSHCHESTVO,
18709,29291,aka,SBERBANK LEASING JSC,
18709,29292,fka,RUSSKO-GERMANSKAYA LIZINGOVAYA KOMPANIYA ZAO,
18710,29294,aka,CETELEM BANK LLC,
18710,29295,aka,SETELEM BANK OOO,
18710,29296,aka,SETELEM BANK OBSHCHESTVO S OGRANICHENNOI OTVETSTVENNOSTYU,
18710,29297,fka,KOMMERCHESKI BANK UKRSIBBANK OBSHCHESTVO S OGRANICHENNOI OTVETSTVENNOSTYU,
18710,55059,aka,CETELEM BANK LIMITED LIABILITY COMPANY,
18711,29299,aka,LLC PS YANDEX.MONEY,
18711,29300,aka,PS YANDEKS.DENGI OOO,
18714,29307,aka,BPS SBERBANK OJSC,
18714,29308,aka,BPS-SBERBANK OAO,
18714,55013,aka,SBER BANK,
18715,29310,aka,SUBSIDIARY BANK SBERBANK OF RUSSIA PUBLIC JOINT STOCK COMPANY,
18715,29311,aka,SBERBANK OF RUSSIA SUBSIDIARY BANK PUBLIC JOINT STOCK COMPANY,
18715,29312,aka,PUBLICHNE AKTSIONERNE TOVARYSTVO DOCHIRNII BANK SBERBANKU ROSII,
18715,29313,aka,JSC SBERBANK OF RUSSIA,
18715,29314,fka,SBERBANK OF RUSSIA SUBSIDIARY BANK PRIVATE JOINT STOCK COMPANY,
18715,55008,aka,JSC SBERBANK,
18715,55010,aka,AKTSIONERNE TOVARYSTVO SBERBANK,
18719,29321,aka,BANK VTB 24 PUBLICHNOE AKTSIONERNOE OBSHCHESTVO,
18719,29322,aka,VTB 24 PAO,
18719,29323,aka,BANK VTB 24 CLOSED JOINT STOCK COMPANY,
18719,29324,aka,VTB 24 JSC,
18719,29325,fka,BANK VTB 24 (ZAKRYTOE AKTSIONERNOE OBSHCHESTVO),
18720,29327,aka,"VTB BANK, PUBLIC JOINT STOCK COMPANY",
18720,29328,aka,PUBLICHNE AKTSIONERNE TOVARYSTVO VTB BANK,
18720,29329,aka,"VTB BANK, PJSC",
18720,29330,aka,"VTB BANK, PJSC (UKRAINE)",
18720,29331,aka,PUBLIC-JOINT STOCK COMPANY VTB BANK (UKRAINE),
18721,29333,aka,VTB BANK BELARUS CLOSED JOINT STOCK COMPANY,
18721,29334,aka,VTB BANK BELARUS,
18721,29335,aka,CJSC VTB BANK BELARUS,
18721,29336,fka,CJSC SLAVNEFTEBANK,
18721,54976,aka,VTB BANK BELARUS CJSC,
18722,29339,fka,SAVINGS BANK OF THE REPUBLIC OF ARMENIA,
18722,54971,aka,VTB BANK ARMENIA CJSC,
18723,54967,aka,BANK VTB KAZAKHSTAN JSC,
18723,54968,aka,SUBSIDIARY JSC BANK VTB KAZAKHSTAN,
18723,54969,aka,JOINT STOCK COMPANY VTB BANK KAZAKHSTAN,
18724,29344,aka,BANK VTB AZERBAIJAN OJSC,
18724,29345,aka,JSC VTB BANK AZERBAIJAN,
18724,29346,fka,OJSC AF BANK,
18725,29348,aka,VTB AFRICA,
18726,29353,aka,JSC VTB BANK GEORGIA,
18726,54974,aka,VTB BANK GEORGIA JSC,
18728,29358,aka,VTB BANKA AD BEOGRAD,
18728,30278,fka,MOSKOVSKA BANKA AD,
18729,29361,aka,KHOLDING VTB KAPITAL ZAKRYTOE AKTSIONERNOE OBSHCHESTVO,
18729,29362,aka,HOLDING VTB CAPITAL CJSC,
18729,29363,aka,VTB CAPITAL HOLDING ZAO,
18729,54972,aka,VTB CAPITAL HOLDING CJSC,
18729,54973,aka,VTB CAPITAL JSC,
18730,29365,aka,VTB PENSION ADMINISTRATOR LTD,
18730,29366,aka,OBSHCHESTVO S OGRANICHENNOI OTVETSTVENNOSTYU VTB PENSIONNY ADMINISTRATOR,
18730,29367,aka,VTB PENSIONNY ADMINISTRATOR OOO,
18731,54980,aka,LLC VTB DC,
18731,54981,aka,VTB DC LIMITED,
18731,54982,aka,VTB DC LTD,
18732,29371,aka,VTB STRAKHOVANIE STRAKHOVAYA KOMPANIYA OOO,
18732,29372,aka,VTB STRAKHOVANIE SK OOO,
18732,29373,aka,"INSURANCE COMPANY VTB-INSURANCE, LTD",
18732,29374,aka,INSURANCE COMPANY VTB-INSURANCE LIMITED,
18732,29375,fka,OBSHCHESTVO S OGRANICHENNOI OTVETSTVENNOSTYU STRAKHOVOI KAPITAL,
18733,29377,aka,OBSHCHESTVO S OGRANICHENNOI OTVETSTVENNOSTYU VTB FAKTORING,
18733,29378,aka,VTB FAKTORING OOO,
18733,29380,aka,VTB FACTORING LIMITED,
18734,29382,aka,NONPROFIT ORGANIZATION NON-STATE PENSION FUND VTB PENSION FUND,
18734,29383,aka,"NPF VTB PENSIONNY FOND, AO",
18734,29384,aka,AKTSIONERNOE OBSHCHESTVO NEGOSUDARSTVENNY PENSIONNY FOND VTB PENSIONNY FOND,
18734,29385,aka,"NON-STATE PENSION FUND VTB PENSION FUND, JSC",
18734,29386,fka,NEKOMMERCHESKAYA ORGANIZATSIYA NEGOSUDARSTVENNY PENSIONNY FOND VTB PENSIONNY FOND,
18734,54970,aka,NPF VTB PENSION FUND JSC,
18735,29389,aka,"VTB NEDVIZHIMOST, OOO",
18735,29390,aka,"VTB REAL ESTATE, LLC",
18736,29392,aka,CJS VTB SPECIALIZED DEPOSITORY,
18736,54975,aka,VTB SPECIALIZED DEPOSITORY CJSC,
18737,29396,aka,VTB REGISTRAR,
18737,54996,aka,VTB REGISTRAR CJSC,
18737,54997,aka,JOINT STOCK COMPANY VTB REGISTRAR,
18737,54998,aka,JSC VTB REGISTRAR,
18738,29398,aka,OBSHCHESTVO S OGRANICHENNOI OTVETSTVENNOSTYU MULTIKARTA,
18738,29399,aka,"MULTICARTA, LTD",
18738,29401,aka,"MULTIKARTA, OOO",
18739,29405,aka,JSC VTB LEASING,
18739,29406,aka,AO VTB LIZING,
18739,62667,aka,VTB LEASING JSC,
18740,29408,fka,PUBLIC JOINT STOCK COMPANY HALS-DEVELOPMENT,
18740,29409,fka,PUBLIC JOINT STOCK COMPANY SG-DEVELOPMENT,
18740,29410,fka,GALS-DEVELOPMENT PAO,
18740,29412,fka,HAS-DEVELOPMENT JSC,
18740,62548,fka,JOINT STOCK COMPANY HALS-DEVELOPMENT,
18740,62666,aka,"SG-DEVELOPMENT, AO",
18741,29415,aka,LLC AUKCION,
18741,29416,aka,AUKTSION OOO,
18741,29417,aka,OBSHCHESTVO S OGRANICHENNOI OTVETSTVENNOSTYU AUKTSION,
18741,29418,aka,AUKCION LIMITED LIABILITY COMPANY,
18742,29420,aka,CJSC RUST,
18742,29421,aka,RUST ZAO,
18742,29422,aka,RUST ZAKRYTOE AKTSIONERNOE OBSHCHESTVO,
18742,29423,aka,JSC RUSTE,
18743,29425,aka,SBERBANK-AUTOMATED TRADING SYSTEM CLOSED JOINT STOCK COMPANY,
18743,29426,aka,SBERBANK-AST ZAO,
18743,29427,aka,ZAKRYTOE AKTSIONERNOE OBSHCHESTVO SBERBANK AVTOMATIZIROVANNAYA SISTEMA TORGOV,
18743,29428,aka,JOINT STOCK COMPANY SBERBANK-AUTOMATED SYSTEM FOR TRADING,
18743,55031,aka,SBERBANK-AST JSC,
18743,55033,aka,JSC SBERBANK-AUTOMATED SYSTEM FOR TRADING,
18744,29430,aka,LLC SBERBANK FINANCIAL COMPANY,
18744,29431,aka,SBERBANK-FINANS OOO,
18744,29432,aka,OBSHCHESTVO S OGRANICHENNOI OTVETSTVENNOSTYU FINANSOVAYA KOMPANIYA SBERBANKA,
18744,55036,aka,SBERBANK FINANCE LLC,
18744,55037,aka,SBERBANK-FINANCE,
18744,55038,aka,SBERBANK FINANCE COMPANY LIMITED LIABILITY COMPANY,
18745,29435,aka,MODERN TECHNOLOGIES LIMITED LIABILITY COMPANY,
18745,29436,aka,"SOVREMENNYE TEKHNOLOGII, OOO",
18745,29437,aka,OBSHCHESTVO S OGRANICHENNOI OTVETSTVENNOSTYU SOVREMENNYE TEKHNOLOGII,
18746,29439,aka,CJSC SBERBANK-TECHNOLOGY,
18746,29440,aka,"SBERTEKH, ZAO",
18746,29441,aka,ZAKRYTOE AKTSIONERNOE OBSHCHESTVO SBERBANK -TEKHNOLOGII,
18746,29442,aka,CLOSED JOINT STOCK COMPANY SBERBANK - TECHNOLOGY,
18747,29444,aka,LLC BYLINNYE BOGATYRI,
18747,29445,aka,"BYLINNYE BOGATYRI, OOO",
18748,29447,aka,LLC ACTIVEBUSINESSCOLLECTION,
18748,29448,aka,"AKTIVBIZNESKOLLEKSHN, OOO",
18748,29449,aka,OBSHCHESTVO S OGRANICHENNOI OTVETSTVENNOSTYU AKTIVBIZNESKOLLEKSHN,
18748,29450,aka,LIMITED LIABILITY COMPANY ACTIVEBUSINESSCOLLECTION,
18749,29452,aka,CJSC NON-STATE PENSION FUND OF SBERBANK,
18749,29453,aka,NPF SBERBANKA ZAO,
18749,29454,aka,ZAKRYTOE AKTSIONERNOE OBSHCHESTVO NEGOSUDARSTVENNY PENSIONNY FOND SBERBANKA,
18749,29455,aka,SBERBANK PRIVATE PENSION FUND CLOSED JOINT STOCK COMPANY,
18749,29456,fka,NEGOSUDARSTVENNY PENSIONNY FOND SBERBANKA,
18749,55120,aka,SBERBANK PPF JSC,
18750,29458,aka,LLC INSURANCE COMPANY SBERBANK INSURANCE,
18750,29459,aka,SBERBANK STRAHOVANIE OOO SK,
18750,29460,aka,OBSHCHESTVO S OGRANICHENNOI OTVETSTVENNOSTYU STRAKHOVAYA KOMPANIYA SBERBANK STRAKHOVANIE,
18750,29461,aka,SK SBERBANK STRAHOVANIE LLC,
18750,29462,fka,OBSHCHESTVO S OGRANICHENNOI OTVETSTVENNOSTYU STRAKHOVAYA KOMPANIYA SBERBANK OBSHCHEE STRAKHOVANIE,
18750,55056,aka,SBERBANK INSURANCE IC LLC,
18750,55057,aka,STRAKHOVAYA KOMPANIYA SBERBANK STRAKHOVANIE,
18750,55058,aka,SBERBANK INSURANCE COMPANY LTD,
18751,29464,aka,LLC INSURANCE BROKER OF SBERBANK,
18751,29465,aka,SBERBANK INSURANCE BROKER LLC,
18751,29466,aka,OBSHCHESTVO S OGRANICHENNOI OTVETSTVENNOSTYU STRAKHOVOI BROKER SBERBANKA,
18751,29467,aka,OOO STRAKHOVOI BROKER SBERBANKA,
18752,29469,aka,LLL KORUS CONSULTING CIS,
18752,29470,aka,"KORUS KONSALTING SNG, OOO",
18752,29471,aka,OBSHCHESTVO S OGRANICHENNOI OTVETSTVENNOSTYU KORUS KONSALTING SNG,
18768,29485,aka,RT GLOBAL RESOURCES,
18768,29486,aka,RT - GLOBAL RESOURCES LIMITED LIABILITY COMPANY,
18769,56466,aka,AKTSIONERNOE OBSHCHESTVO NPO VYSOKOTOCHNYE KOMPLEKSY,
18769,56467,aka,HIGH PRECISION WEAPONS JOINT STOCK COMPANY SCIENTIFIC PRODUCTION ASSOCIATION,
18769,56468,aka,"NPO VYSOKOTOCHNYE KOMPLEKSY, AO",
18769,56469,aka,JSC NPO VYSOKOTOCHNYE KOMPLEKSY,
18770,29503,aka,JSC RUSELECTRONICS,
18770,59392,aka,AO ROSELEKTRONIKA,
18770,59393,aka,JSC RUSSIAN ELECTRONICS,
18771,29509,aka,JOINT STOCK COMPANY FOREIGN ECONOMIC ASSOCIATION TECHNOPROMEXPORT,
18771,29510,aka,TECHNOPROMEXPORT FOREIGN ECONOMIC ASSOCIATION OPEN JOINT STOCK COMPANY,
18771,29511,aka,"VO TEKHNOPROMEKSPORT, OAO",
18771,29512,aka,TECHNOPROMEXPORT OJSC,
18771,29513,aka,OJSC TECHNOPROMEXPORT,
18772,29517,aka,OJSC MACHINE ENGINEERING TECHNOLOGIES,
18772,29521,aka,SCIENTIFIC INDUSTRIAL CONCERN MANUFACTURING ENGINEERING OJSC,
18772,29522,aka,JOINT STOCK COMPANY SCIENTIFIC INDUSTRIAL CONCERN MANUFACTURING ENGINEERING,
18772,29523,aka,JSC SPC TECHMASH,
18772,29526,aka,AKTSIONERNOE OBSHCHESTVO NAUCHNO-PROIZVODSTVENNY KONTSERN TEKHNOLOGII MASHINOSTROENIYA,
18773,29528,aka,JOINT STOCK COMPANY CONCERN OF AVIATION EQUIPMENT,
18773,29529,aka,"KONTSERN AVIATSIONNOE OBORUDOVANIE, OAO",
18773,29530,aka,AVIATION EQUIPMENT CONCERN OPEN JOINT STOCK COMPANY,
18773,29531,aka,AVIATION EQUIPMENT HOLDING,
18774,59279,aka,JSC TEKHNODINAMIKA,
18774,59280,aka,AKTSIONERNOE OBSCHESTVO TEKHNODINAMIKA,
18774,59281,aka,AO TEKHNODINAMIKA,
18774,59282,aka,TEKNODINAMIKA JSC,
18774,59283,aka,JOINT STOCK COMPANY AVIATION EQUIPMENT,
18775,29538,aka,"RT-STANKOINSTRUMENT, OAO",
18775,29539,aka,OPEN JOINT STOCK COMPANY RT-STANKOINSTRUMENT,
18775,29540,aka,OJSC STANKOINSTRUMENT,
18775,29541,aka,RT-STANKOINSTRUMENT,
18776,29543,aka,JOINT STOCK COMPANY RT-CHEMICAL TECHNOLOGIES AND COMPOSITE MATERIALS,
18776,29544,aka,"RT-KHIMKOMPOZIT, AO",
18776,29545,aka,RT-KHIMKOMPOZIT OAO,
18776,29546,aka,RT-KHIMKOMPOZIT OJSC,
18776,29547,aka,RT-CHEMICAL AND COMPOSITE TECHNOLOGIES AND MATERIALS,
18776,29548,aka,OAO JSC CHEMCOMPOSITE,
18776,29549,fka,OTKRYTOE AKTSIONERNOE OBSHCHESTVO RT KHIMICHESKIE TECHNOLOGIES I KOMPOZITSIONNYE MATERIALY,
18776,29550,fka,OTKRYTOE AKTSIONERNOE OBSHCHESTVO RT KHIMICHESKIE I KOMPOZITSIONNYE TECHNOLOGIES I MATERIALY,
18777,29552,aka,"RT-BIOTEKHPROM, AO",
18777,29553,aka,RT-BIOTECHPROM,
18777,29554,aka,RT-BIOTECHPROM OJSC,
18778,29559,aka,RT-AVTO OJSC,
18778,29560,aka,RT-AUTO OPEN JOINT STOCK COMPANY,
18779,59276,aka,AKTSIONERNOE OBSHCHESTVO SHVABE,
18779,59277,aka,AO SHVABE,
18779,59278,fka,SHVABE PAO,
18780,29567,aka,"PROMINVEST, OOO",
18780,29568,aka,PROMINVEST LIMITED LIABILITY COMPANY,
18781,29570,aka,OPK OBORONPROM OAO,
18781,29571,aka,UNITED INDUSTRIAL CORPORATION OBORONPROM OJSC,
18781,29572,aka,UNITED INDUSTRIAL DEFENCE CORPORATION OBORONPROM,
18781,29573,aka,OPK OBORONPROM,
18781,29574,fka,OTKRYTOE AKTSIONERNOE OBSHCHESTVO OBEDINENNAYA PROMYSHLENNAYA KORPORATSIYA OBORONPROM,
18782,29576,aka,RUSSIAN DEFENSE EXPORT ROSOBORONEXPORT,
18782,29577,aka,ROSOBORONEXPORT JSC,
18782,29578,aka,ROSOBORONEKSPORT OJSC,
18783,29582,aka,CONCERN SIRIUS JOINT STOCK COMPANY,
18783,29583,aka,JSC SIRIUS,
18784,29586,aka,AKTSIONERNY KOMMERCHESKI BANK NOVIKOMBANK AKTSIONERNOE OBSHCHESTVO,
18784,29587,aka,AO AKB NOVIKOMBANK,
18784,54935,aka,JOINT STOCK COMMERCIAL BANK NOVIKOMBANK JOINT STOCK COMPANY,
18784,54936,aka,NOVIKOMBANK JCSB,
18784,54938,fka,NOVIKOMBANK AO,
18785,29590,aka,"RT-OKHRANA, AO",
18785,29591,aka,RT-OKHRANA ZAO,
18785,29592,aka,ZAO RT-OKHRANA,
18785,29593,aka,JOINT STOCK COMPANY RT-GUARD,
18785,29804,aka,RT-OKHRANA,
18786,29596,aka,"TEKHNOLOGII BEZOPASNOSTI, OAO",
18786,29597,aka,JOINT STOCK COMPANY SECURITY TECHNOLOGIES,
18787,29600,aka,JSC-UNITED-INSTRUMENT-MANUFACTURING-CORPORATION,
18788,59395,aka,RT-INFORM LLC,
18789,29607,aka,ORION CONCERN OPEN JOINT STOCK COMPANY,
18789,29608,aka,OPEN JOINT-STOCK COMPANY KONTSERN ORION,
18790,29610,aka,OPEN JOINT-STOCK COMPANY RT-METALLURGIYA,
18790,29611,aka,RT-METALLURGY OPEN JOINT STOCK COMPANY,
18791,29613,aka,AIRCRAFT ENGINEERING CONCERN OPEN JOINT STOCK COMPANY,
18792,29616,aka,90 EXPERIMENTAL PLANT OPEN JOINT STOCK COMPANY,
18792,29617,aka,OPEN JOINT-STOCK COMPANY 90 EKSPERIMENTALNIY ZAVOD,
18793,29619,aka,"TSKB RM, AO",
18793,29620,aka,OPEN JOINT-STOCK COMPANY CENTRAL DESIGN OFFICE OF RADIOMATERIALS,
18793,29621,aka,CENTRAL DESIGN BUREAU OF SPECIAL RADIO MATERIALS OPEN JOINT STOCK COMPANY,
18793,29622,aka,OPEN JOINT STOCK COMPANY TSENTRALNOYE KONSTRUKTORSKOYE BYURO SPETSIALNYKH RADIOMATERIALOV,
18793,29623,fka,FEDERALNOE GOSUDARSTVENNOE UNITARNOE PREDPRIYATIE TSENTRALNOE KONSTRUKTORSKOE BYURO SPETSIALNYKH RADIOMATERIALOV,
18794,29625,aka,MOSCOW MECHANICAL EXPERIMENTAL PLANT - COMPOSITE TECHNOLOGIES OPEN JOINT STOCK COMPANY,
18794,29626,aka,JOINT STOCK COMPANY MOSKOW EXPERIMENTAL MACHINE-BUILDING PLANT - COMPOSITE TECHNOLOGIES,
18794,29627,aka,MMEZ-KT-OAO,
18794,29628,aka,"MMEZ-KT, AO",
18794,29629,aka,MMEZ-KT OJSC,
18794,29630,aka,MOSKOVSKIY MEKHANICHESKIY EKSPERIMENTALNIY ZAVOD - KOMPOZITSIONNYE TEKHNOLOGII,
18794,29631,fka,OTKRYTOE AKTSIONERNOE OBSHCHESTVO MOSKOVSKI MEKHANICHESKI EKSPEREMENTALNY ZAVOD,
18795,29635,aka,NOVO VYATKA OPEN JOINT STOCK COMPANY,
18808,29645,aka,"NPO OPTIKA, AO",
18808,29646,aka,OPEN JOINT STOCK COMPANY NAUCHNO-PROIZVODSTVENNOYE OBYEDINENIYE OPTIKA,
18808,29647,aka,FEDERAL STATE UNITARY ENTERPRISE SCIENTIFIC AND PRODUCTION ASSOCIATION OPTIKA,
18808,29648,fka,FEDERALNOE GOSUDARSTVENNOE UNITARNOE PREDPRIYATIE NAUCHNO PROIZVODSTVENNOE OBEDINENIE OPTIKA,
18809,29650,aka,"VO STANKOIMPORT, OAO",
18809,29651,aka,OPEN JOINT-STOCK COMPANY FOREIGN TRADE ENTERPRISE STANKOIMPORT,
18809,29652,aka,STANKOIMPORT FOREIGN TRADE ASSOCIATION OPEN JOINT STOCK COMPANY,
18809,29653,aka,VO STANKOIMPORT OJSC,
18810,29655,aka,"NPO LUCH, OAO",
18810,29656,aka,JOINT STOCK COMPANY NOVOSIBIRSK PRODUCTION AMALGAMATION LUCH,
18810,29657,fka,FEDERALNOE GOSUDARSTVENNOE UNITARNOE PREDPRIYATIE NOVOSIBIRSKOE PROIZVODSTVENNOE OB EDINENIE LUCH,
18811,29659,aka,"NPO SPLAV, OAO",
18811,29660,aka,OPEN JOINT-STOCK COMPANY SPLAV STATE AND RESEARCH PRODUCTION ASSOCIATION,
18811,29661,aka,SPLAV SCIENTIFIC PRODUCTION ASSOCIATION OPEN JOINT STOCK COMPANY,
18811,29662,aka,OPEN JOINT-STOCK COMPANY NAUCHNO-PROIZVODSTVENNOYE OBYEDINENIYE SPLAV,
18812,29664,aka,OPEN JOINT STOCK COMPANY NOVOVYATSK MECHANICAL PLANT,
18812,29665,aka,OPEN JOINT-STOCK COMPANY NOVOVYATSKIY MEKHANICHESKIY ZAVOD,
18812,29666,aka,NOVOVYATSKI MEKHANICHESKI ZAVOD OAO,
18813,29670,aka,"RT-ENERGO, OOO",
18813,29671,aka,RT-ENERGO LLC,
18813,29672,aka,RT-ENERGY EFFICIENCY LIMITED LIABILITY COMPANY,
18813,29673,aka,RT-ENERGOEFFEKTIVNOST LIMITED LIABILITY COMPANY,
18814,29676,aka,KALINOVO CHEMICAL PLANT OPEN JOINT STOCK COMPANY,
18814,29677,aka,OPEN JOINT-STOCK COMPANY KALINOVSKIY KHIMICHESKIY ZAVOD,
18814,29678,fka,AKTSIONERNOE OBSHCHESTVO OTKRYTOGO TIPA KALINOVSKI KHIMICHEKI ZAVOD,
18815,29680,aka,NOVOSIBIRSK FACTORY OF SEMICONDUCTOR DEVICES WITH THE SPECIAL DESIGN CENTRE PUBLIK JOINT STOCK COMPANY,
18815,29681,aka,NZPP S OKB OJSC,
18815,29682,aka,"NZP POLUPROVODNIKOVYKH PRIBOROV S OKB, AO",
18815,29683,fka,OTKRYTOE AKTSIONERNOE OBSHCHESTVO NOVOSIBIRSKI ZAVOD POLUPROVODNIKOVYKH PRIBOROV S OKB,
18816,29685,aka,"RT-STROITELNYE TEKHNOLOGII, AO",
18816,29686,aka,RT-STROITELNYE TECHNOLOGIES OAO,
18816,29687,aka,OPEN JOINT-STOCK COMPANY RT-STROITELNYYE TEKHNOLOGII,
18816,29688,aka,JOINT STOCK COMPANY RT-CONSTRUCTION TECHNOLOGIES,
18817,29690,aka,MAYAK MACHINE BUILDING PLANT OPEN JOINT STOCK COMPANY,
18817,29691,aka,MASHINOSTROITELNIY ZAVOD MAYAK,
18817,29692,aka,OPEN JOINT-STOCK COMPANY MASHINOSTROITELNIY ZAVOD MAYAK,
18818,29694,aka,ULYANOVSKIY GIPROAVIAPROM OJSC,
18818,29695,aka,ULYANOVSK STATE DESIGN AND ENGINEERING INSTITUTE FOR AVIATION INDUSTRY OPEN JOINT STOCK COMPANY,
18818,29696,aka,OPEN JOINT-STOCK COMPANY ULYANOVSKIY GOSUDARSTVENNIY PROYEKTNO-KONSTRUKTORSKIY INSTITUT AVIATSIONNOY PROMYSHLENNOSTI,
18819,29698,aka,UNITED ENGINE CORPORATION JSC,
18819,29700,fka,OTKRYTOE AKTSIONERNOE OBSHCHESTVO UPRAVLYAYUSHCHAYA KOMPANIYA OBEDINENNAYA DVIGATELESTROITELNAYA KORPORATSIYA,
18820,29702,aka,RUSSIAN HELICOPTERS JOINT STOCK COMPANY,
18820,29703,aka,OPEN JOINT STOCK COMPANY RUSSIAN HELICOPTERS,
18820,56300,aka,JSC RUSSIAN HELICOPTERS,
18820,56301,aka,JOINT STOCK COMPANY RUSSIAN HELICOPTERS,
18820,56302,aka,AKTSIONERNOE OBSHCHESTVO VERTOLETY ROSSII,
19468,30628,aka,GAZPROM DOBYCHA YAMBURG,
19468,30629,aka,OBSHCHESTVO S OGRANICHENNOI OTVETSTVENNOSTYU 'GAZPROM DOBYCHA YAMBURG',
19469,30631,aka,GAZPROM TRANSGAZ YUGORSK,
19469,30632,aka,OBSHCHESTVO S OGRANICHENNOI OTVETSTVENNOSTYU 'GAZPROM TRANSGAZ YUGORSK',
19469,30633,fka,OBSHCHESTVO S OGRANICHENNOI OTVETSTVENNOSTYU TYUMENTRANSGAZ,
19470,30635,aka,NIIGAZECONOMIKA,
19470,30636,aka,OBSHCHESTVO S OGRANICHENNOI OTVETSTVENNOSTYU 'NAUCHNOISSLEDOVATELSKI INSTITUT EKONOMIKI I ORGANIZATSII UPRAVLENIYA V GAZOVOIPROMYSHLENNOSTI',
19471,30638,aka,GAZPROM TRANSGAZ SAINT PETERSBURG,
19471,30639,aka,OBSHCHESTVO S OGRANICHENNOI OTVETSTVENNOSTYU 'GAZPROM TRANSGAZ SANKT-PETERBURG',
19472,30641,aka,GAZPROM TRANSGAZ STAVROPOL,
19472,30642,aka,OBSHCHESTVO S OGRANICHENNOI OTVETSTVENNOSTYU 'GAZPROM TRANSGAZ STAVROPOL',
19542,30728,aka,GAZPROM RUSSKAYA,
19542,30729,aka,OBSHCHESTVO S OGRANICHENNOI OTVETSTVENNOSTYU 'GAZPROM RUSSKAYA',
19542,30730,fka,OBSHCHESTVO S OGRANICHENNOI OTVETSTVENNOSTYU KOVYKTNEFTEGAZ,
19543,30732,aka,GAZPROM ENERGO,
19543,30733,aka,OBSHCHESTVO S OGRANICHENNOI OTVETSTVENNOSTYU 'GAZPROM ENERGO',
19544,30735,aka,GAZPROM DOBYCHA NADYM,
19544,30736,aka,OBSHCHESTVO S OGRANICHENNOI OTVETSTVENNOSTYU 'GAZPROM DOBYCHA NADYM',
19545,30738,aka,GAZPROM SVYAZ,
19545,30739,aka,OBSHCHESTVO S OGRANICHENNOI OTVETSTVENNOSTYU 'GAZPROM SVYAZ',
19546,30741,aka,GAZPROM MEZHREGIONGAZ,
19546,30742,aka,OBSHCHESTVO S OGRANICHENNOI OTVETSTVENNOSTYU 'GAZPROM MEZHREGIONGAZ',
19631,30829,aka,GAZPROM DOBYCHA KUZNETSK,
19631,30830,aka,OBSHCHESTVO S OGRANICHENNOI OTVETSTVENNOSTYU 'GAZPROM DOBYCHA KUZNETSK',
19632,30832,aka,GAZPROM TRANSGAZ UKHTA,
19632,30833,aka,OBSHCHESTVO S OGRANICHENNOI OTVETSTVENNOSTYU 'GAZPROM TRANSGAZ UKHTA',
19633,30835,aka,GAZPROM TRANSGAZ KAZAN,
19633,30836,aka,OBSHCHESTVO S OGRANICHENNOI OTVETSTVENNOSTYU 'GAZPROM TRANSGAZ KAZAN',
19634,30838,aka,GAZPROM TRANSGAZ SARATOV,
19634,30839,aka,OBSHCHESTVO S OGRANICHENNOI OTVETSTVENNOSTYU 'GAZPROM TRANSGAZ SARATOV',
19635,30841,aka,GAZPROM SOTSINVEST,
19635,30842,aka,OBSHCHESTVO S OGRANICHENNOI OTVETSTVENNOSTYU 'GAZPROM SOTSINVEST',
19635,30843,fka,GAZPROMINVESTARENA OOO,
19636,30845,aka,GAZPROM DOBYCHA NOYABRSK,
19636,30846,aka,OBSHCHESTVO S OGRANICHENNOI OTVETSTVENNOSTYU 'GAZPROM DOBYCHA NOYABRSK',
19637,30848,aka,GAZPROM GAZOBEZOPASNOST,
19637,30849,aka,OBSHCHESTVO S OGRANICHENNOI OTVETSTVENNOSTYU 'GAZPROM GAZOBEZOPASNOST',
19638,30852,aka,GAZPROM FLOT,
19638,30853,aka,OBSHCHESTVO S OGRANICHENNOI OTVETSTVENNOSTYU 'GAZPROM FLOT',
19638,30854,fka,OBSHCHESTVO S OGRANICHENNOI OTVETSTVENNOSTYU GAZFLOT,
19639,30856,aka,GAZ-OIL,
19639,30857,aka,OBSHCHESTVO S OGRANICHENNOI OTVETSTVENNOSTYU 'GAZ-OIL',
19639,30858,fka,ZAKRYTOE AKTSIONERNOE OBSHCHESTVO GAZ OIL,
19640,30860,aka,GAZPROM INVEST,
19640,30861,aka,OBSHCHESTVO S OGRANICHENNOI OTVETSTVENNOSTYU 'GAZPROM INVEST',
19641,30863,aka,GAZPROM TSENTRREMONT,
19641,30864,aka,OBSHCHESTVO S OGRANICHENNOI OTVETSTVENNOSTYU 'GAZPROM TSENTRREMONT',
19642,30866,aka,GAZPROM DOBYCHA KRASNODAR,
19642,30867,aka,OBSHCHESTVO S OGRANICHENNOI OTVETSTVENNOSTYU 'GAZPROM DOBYCHA KRASNODAR',
19643,30869,aka,GAZPROM TRANSGAZ KRASNODAR,
19643,30870,aka,OBSHCHESTVO S OGRANICHENNOI OTVETSTVENNOSTYU 'GAZPROM TRANSGAZ KRASNODAR',
19644,30872,aka,GAZPROM PERSONAL,
19644,30873,aka,OBSHCHESTVO S OGRANICHENNOI OTVETSTVENNOSTYU 'GAZPROM PERSONAL',
19645,30875,aka,GAZPROM PERERABOTKA,
19645,30876,aka,OBSHCHESTVO S OGRANICHENNOI OTVETSTVENNOSTYU 'GAZPROM PERERABOTKA',
19646,30878,aka,GAZPROM TRANSGAZ VOLGOGRAD,
19646,30879,aka,OBSHCHESTVO S OGRANICHENNOI OTVETSTVENNOSTYU 'GAZPROM TRANSGAZ VOLGOGRAD',
19647,30881,aka,GAZPROM TRANSGAZ TOMSK,
19647,30882,aka,OBSHCHESTVO S OGRANICHENNOI OTVETSTVENNOSTYU 'GAZPROM TRANSGAZ TOMSK',
19648,30884,aka,GAZPROM TRANSGAZ SURGUT,
19648,30885,aka,OBSHCHESTVO S OGRANICHENNOI OTVETSTVENNOSTYU 'GAZPROM TRANSGAZ SURGUT',
19649,30887,aka,GAZPROM TRANSGAZ NIZHNY NOVGOROD,
19649,30888,aka,OBSHCHESTVO S OGRANICHENNOI OTVETSTVENNOSTYU 'GAZPROM TRANSGAZ NIZHNI NOVGOROD',
19650,30890,aka,GAZPROM GAZNADZOR,
19650,30891,aka,OBSHCHESTVO S OGRANICHENNOI OTVETSTVENNOSTYU 'GAZPROM GAZNADZOR',
19652,30897,aka,GAZPROM KOMPLEKTATSIYA,
19652,30898,aka,OBSHCHESTVO S OGRANICHENNOI OTVETSTVENNOSTYU 'GAZPROM KOMPLEKTATSIYA',
19653,30900,aka,GAZPROM VNIIGAZ,
19653,30901,aka,OBSHCHESTVO S OGRANICHENNOI OTVETSTVENNOSTYU 'NAUCHNO-ISSLEDOVATELSKI INSTITUT PRIRODNYKH GAZOV I GAZOVYKH TEKHNOLOGI - GAZPROM VNIIGAZ',
19653,66213,aka,LLC VNIIGAZ,
19654,30903,aka,GAZPROM TELECOM,
19654,30904,aka,OBSHCHESTVO S OGRANICHENNOI OTVETSTVENNOSTYU 'GAZPROM TELEKOM',
19654,30905,fka,ZAKRYTOE AKTSIONERNOE OBSHCHESTVO GAZTELEKOM,
19670,30921,aka,GAZPROM INFORM,
19670,30922,aka,OBSHCHESTVO S OGRANICHENNOI OTVETSTVENNOSTYU 'GAZPROM INFORM',
19670,30923,fka,ZAKRYTOE AKTSIONERNOE OBSHCHESTVO INFORMGAZINVEST,
19672,30928,aka,GAZPROM DOBYCHA IRKUTSK,
19672,30930,aka,OBSHCHESTVO S OGRANICHENNOI OTVETSTVENNOSTYU 'GAZPROM DOBYCHA IRKUTSK',
19672,30932,fka,OTKRYTOE AKTSIONERNOE OBSHCHESTVO IRKUTSKGAZPROM,
19673,30937,aka,GAZMASH,
19673,30938,aka,AKTSIONERNOE OBSHCHESTVO 'GAZMASH',
19673,30939,fka,DOCHERNEE OTKRYTOE AKTSIONERNOE OBSHCHESTVO GAZMASH OTKRYTOGO AKTSIONERNOGO OBSHCHESTVA GAZPROM,
19674,30941,aka,GAZPROM TRANSGAZ SAMARA,
19674,30942,aka,OBSHCHESTVO S OGRANICHENNOI OTVETSTVENNOSTYU 'GAZPROM TRANSGAZ SAMARA',
19675,30944,aka,GAZPROM KAPITAL,
19675,30945,aka,OBSHCHESTVO S OGRANICHENNOI OTVETSTVENNOSTYU 'GAZPROM KAPITAL',
19675,30946,fka,OBSHCHESTVO S OGRANICHENNOI OTVETSTVENNOSTYU KAP INFIN,
19676,30948,aka,YAMALGAZINVEST,
19676,30949,aka,ZAKRYTOE AKTSIONERNOE OBSHCHESTVO 'YAMALGAZINVEST',
19677,30951,aka,GAZPROM DOBYCHA URENGOY,
19677,30952,aka,OBSHCHESTVO S OGRANICHENNOI OTVETSTVENNOSTYU 'GAZPROM DOBYCHA URENGOI',
19678,30954,aka,GAZPROM GEOLOGORAZVEDKA,
19678,30955,aka,OBSHCHESTVO S OGRANICHENNOI OTVETSTVENNOSTYU 'GAZPROM GEOLOGORAZVEDKA',
19678,30956,fka,OBSHCHESTVO S OGRANICHENNOI OTVETSTVENNOSTYU GAZPROM DOBYCHA KRASNOYARSK,
19681,30982,aka,GAZPROM TRANSGAZ MAKHACHKALA,
19681,30983,aka,OBSHCHESTVO S OGRANICHENNOI OTVETSTVENNOSTYU 'GAZPROM TRANSGAZ MAKHACHKALA,
19681,30984,fka,OBSHCHESTVO S OGRANICHENNOI OTVETSTVENNOSTYU GAZPROM TRANSGAZ MAKHACHKALA,
19683,30997,aka,GAZPROM TRANSGAZ UFA,
19683,30999,aka,OBSHCHESTVO S OGRANICHENNOI OTVETSTVENNOSTYU 'GAZPROM TRANSGAZ UFA',
19683,31001,fka,OBSHCHESTVO S OGRANICHENNOI OTVETSTVENNOSTYU BASHTRANSGAZ OTKRYTOGO AKTSIONERNOGO OBSHCHESTVA GAZPROM,
19684,31004,aka,VOSTOKGAZPROM,
19684,31005,aka,OTKRYTOE AKTSIONERNOE OBSHCHESTVO 'VOSTOKGAZPROM',
19685,31011,aka,OBSHCHESTVO S OGRANICHENNOI OTVETSTVENNOSTYU 'LAZURNAYA',
19686,31013,aka,GAZPROM PROMGAZ,
19686,31014,aka,AKTSIONERNOE OBSHCHESTVO 'GAZPROM PROMGAZ',
19686,31015,fka,OTKRYTOE AKTSIONERNOE OBSHCHESTVO GAZPROM PROMGAZ,
19687,31019,aka,KAMCHATGAZPROM,
19687,31020,aka,OTKRYTOE AKTSIONERNOE OBSHCHESTVO 'KAMCHATGAZPROM',
19688,31036,aka,DALTRANSGAZ,
19688,31037,aka,OTKRYTOE AKTSIONERNOE OBSHCHESTVO 'DALTRANSGAZ',
19690,31044,aka,DRUZHBA,
19690,31045,aka,AKTSIONERNOE OBSHCHESTVO 'DRUZHBA',
19691,31047,aka,KRASNOYARSKGAZPROM,
19691,31048,aka,PUBLICHNOE AKTSIONERNOE OBSHCHESTVO 'KRASNOYARSKGAZPROM',
19692,31050,aka,ACHIM DEVELOPMENT,
19692,31051,aka,OBSHCHESTVO S OGRANICHENNOI OTVETSTVENNOSTYU 'ACHIM DEVELOPMENT',
19989,31527,aka,OPEN JOINT STOK COMPANY 'INSURANCE GROUP MCK',
19989,31528,aka,AKTSIONERNOE OBSHCHESTVO 'STRAKHOVAYA GRUPPA MSK',
19989,31529,aka,OAO 'STRACHOVAIYA GRUPPA MSK',
19989,31530,aka,PJSC 'INSURANCE GROUP MSK',
19990,31536,aka,BM PROJECT LLC,
19990,31538,aka,OOO BM PROECKT,
19990,31539,aka,LIMITED LIABILITY COMPANY 'BM PROYEKT',
19990,31540,aka,OBSHCHESTVO S ORGRANICHENNOI OTVETSTVENNOSTYU 'BM PROEKT',
19992,31547,aka,BALTECH LLC,
19992,31548,aka,OOO BALTECH,
19992,58566,aka,LIMITED LIABILITY CORPORATION BALTECH,
19992,58567,aka,OBSCHESTVO S OGRANICHENNOY OTVETSTVENNOSTYU BALTEKH,
19992,58568,aka,OOO BALTEKH,
19993,31550,aka,BM HOLDING LTD,
19993,31551,aka,BM HOLDING SA,
19997,31557,aka,BOM PROJECT FINANCING LIMITED,
19999,31560,aka,ZAO 'FINANSOVY ASSISTANT',
19999,31562,aka,CJSC 'FINANSOVY ASSISTANT',
20000,31564,aka,OPEN JOINT STOCK COMPANY 'BUMAZHNO-POLIGRAFICHESKOYE OBYEDINENIYE 'PECHATNIKI',
20000,31565,aka,OTKRYTOE AKTSIONERNOE OBSHCHESTVO 'BUMAZHNO-POLIGRAFICHESKOE OBEDINENIE 'PECHATNIKI',
20001,31568,aka,OJSC UNITED COMPANY,
20001,31569,aka,OAO 'OBIDINENAIYA KOMANIYA',
20001,31570,aka,PJSC 'UNITED COMPANY',
20002,58272,aka,BMBANK JSC,
20002,58273,aka,PUBLICHNOYE JOINT-STOCK COMPANY BM BANK,
20002,58274,aka,LLC BM BANK,
20003,31579,aka,CLOSED JOINT-STOCK COMPANY 'LESPROMPROCESSING',
20003,31580,aka,LESPROMPROCESSING CJSC,
20003,31581,aka,CJSC LESPROMPROCESSING,
20003,31582,fka,LIKVIDATSIONNAYA KOMISSIYA ZAO 'LESPROMPROTSESSING' (RESHENIE O LIKVIDATSII I O LIKVIDATORE),
20005,31589,aka,OBSHCHESTVO S GRANICHENNOI OTVETSTVENNOSTYU 'RIELTSITI',
20005,31590,aka,LIMITED LIABILITY COMPANY 'RIELTSITI',
20005,31592,aka,OOO 'REALTCITY',
20006,31595,aka,JOINT STOCK COMPANY 'MEZHDUNARODNAYA UPRAVLYAYUSHCHAYA KOMPANIYA',
20006,31596,aka,AKTSIONERNOE OBSHCHESTVO 'MEZHDUNARODNAYA UPRAVLYAYUSHCHAYA KOMPANIYA',
20006,31597,aka,INTERNATIONAL MANAGEMENT COMPANY OJSC,
20006,31598,aka,OJSC INTERNATIONAL MANAGEMENT COMPANY,
20006,31599,fka,AKTSIONERNOE OBSHCHESTVO MEZHDUNARODNAYA UPRAVLYAYUSHCHAYA KOMPANIYA,
20007,31601,aka,BM DIREKTSIYA LLC,
20007,31603,aka,LIMITED LIABILITY COMPANY 'BM-DIREKTSIYA',
20007,31605,aka,OOO 'BM-DIREKTSIYA',
20007,31607,aka,OBSHCHESTVO S ORGANICHENNOI OTVETSTVENNOSTYU 'BM-DIREKTSIYA',
20008,31604,aka,PJSC CHAIKA,
20008,31606,aka,OAO CHAIKA,
20008,31608,aka,CHAIKA OJSC,
20009,31610,aka,CJSC 'AUTOMATED BANKING TECHNOLOGIES',
20009,31611,aka,ZAO 'AVTOMATIZIROVANNIY BANKOVSKIY TECHNOLOGII',
20009,31612,aka,JOINT STOCK COMPANY 'AVTOMATIZIROVANNYYEE BANKOVSKIYE TEKHNOLOGII',
20294,32060,aka,CREDIT URAL BANK JOINT-STOCK COMPANY,
20294,32061,aka,KREDIT URAL BANK OTKRYTOE AKTSIONERNOE OBSHCHESTVO,
20294,32167,aka,BANK KUB AO,
20295,32064,aka,LIMITED LIABILITY COMPANY GAZKARDSERVIS,
20296,32066,aka,JSC GAZPROM-MEDIA HOLDING,
20296,32067,aka,JOINT-STOCK COMPANY GAZPROM-MEDIA HOLDING,
20297,32069,aka,CLOSED JOINT-STOCK COMPANY GAZPROMBANK LIZING,
20298,32071,aka,GAZPROMBANK ASSET MANAGEMENT ZAO,
20298,32072,aka,CLOSED JOINT-STOCK COMPANY GAZPROMBANK-UPRAVLENIE AKTIVAMI,
20299,32074,aka,LIMITED LIABILITY COMPANY GPB-FAKTORING,
20300,32076,aka,LIMITED LIABILITY COMPANY GAZPROMBANK-INVEST,
20301,32078,aka,CLOSED JOINT-STOCK COMPANY NOVYE FINANSOVYE TEKHNOLOGII,
20301,32079,aka,ZAO NOVYE FINANSOVYE TEKHNOLOGII,
20302,32083,aka,AO PROIZVODSTVENNOE OBYEDINENIE 'URALENERGOMONTAZH',
20303,32085,aka,JOINT-STOCK BANK GPB-MORTGAGE CLOSED JOINT STOCK COMPANY,
20303,32086,aka,"GPB-IPOTEKA OAO, AB",
20304,32088,aka,IZ-KARTEX NAMED AFTER P.G. KOROBKOV LTD,
20305,32090,aka,OPEN JOINT STOCK COMPANY IZHORSKIE ZAVODY,
20306,32092,aka,CRYOGENMASH,
20306,32093,aka,OPEN JOINT-STOCK COMPANY KRIOGENNOGO MASHINOSTROYENIA,
20306,69832,aka,PUBLICHNOE AKTSIONERNOE OBSCHESTVO KRIOGENNOGO MASHINOSTROENIYA,
20306,69833,aka,CRYOGENMASH JOINT STOCK COMPANY,
20306,69835,fka,OPEN JOINT STOCK COMPANY CRYOGENMASH,
20307,32095,aka,OBYEDINYONNYE MASHINOSTROITELNYE ZAVODY (GRUPPA URALMASH-IZHORA),
20308,32097,aka,LIMITED LIABILITY COMPANY OMZ-SPETSSTAL,
20308,32098,aka,OMZ-SPECIAL STEELS,
20309,32100,aka,URALMASHPLANT,
20311,32103,aka,ARMENIAN-RUSSIAN EXPORT-IMPORT BANK-GAZPROMBANK GROUP CLOSED JOINT-STOCK COMPANY,
20313,32188,aka,CENTREX EUROPE ENERGY & GAS AG,
20314,32107,aka,SIRITIA VENTURES LTD,
20318,32187,aka,NAGELFAR TRADE & INVEST LIMITED,
20621,32576,aka,OBSHCHESTVO S OGRANICHENNOI OTVETSTVENNOSTYU 'TORGOVY' DOM 'AGROTORG',
20621,32577,aka,TRADING COMPANY 'AGROTORG' LTD.,
20640,32579,aka,OTKRYTOE AKTSIONERNOE OBSHCHESTVO 'RASSVET',
20640,32580,aka,OAO 'RASSVET',
20640,32581,aka,OPEN JOINT STOCK COMPANY 'RASSVET',
20640,32582,fka,ZAKRYTOE AKTSIONERNOE OBSHCHESTVO RASSVET,
20660,32597,aka,AKTSIONERNOE OBSHCHESTVO 'AGROKREDIT-INFORM',
20660,32598,aka,CLOSED JOINT-STOCK COMPANY 'AGROCREDIT-INFORM',
20661,32600,aka,OTKRYTOE AKTSIONERNOE OBSHCHESTVO 'UMANSKI ELEVATOR',
20661,32601,aka,OPEN JOINT STOCK COMPANY 'UMANSKIY ELEVATOR',
20661,32602,fka,OTKRYTOE AKTSIONERNOE OBSHCHESTVO OTKRYTOGO TIPA UMANSKI ELEVATOR,
20662,32604,aka,OTKRYTOE AKTSIONERNOE OBSHCHESTVO 'BELOGLINSKI ELEVATOR',
20662,32605,aka,OAO 'BELOGLINSKI ELEVATOR',
20662,32606,aka,OPEN JOINT STOCK COMPANY 'BELOGLINSKIY ELEVATOR',
20662,32607,fka,AKTSIONERNOE OBSHCHESTVO OTKRYTOGO TIPA BELOGLINSKI ELEVATOR,
20665,32618,aka,OTKRYTOE AKTSIONERNOE OBSHCHESTVO 'LADOZHSKI ELEVATOR',
20665,32620,aka,OAO 'LADOZHSKI ELEVATOR',
20665,32621,aka,OPEN JOINT STOCK COMPANY 'LADOGSKIY ELEVATOR',
20665,32623,fka,AKTSIONERNOE OBSHCHESTVO OTKRYTOGO TIPA LADOZHSKI ELEVATOR,
20666,32629,aka,OTKRYTOE AKTSIONERNOE OBSHCHESTVO 'VELICHKOVSKI ELEVATOR',
20666,32630,aka,OPEN JOINT STOCK COMPANY 'VELICHKOVSKIY ELEVATOR',
20666,32631,fka,OTKRYTOE AKTSIONERNOE OBSHCHESTVO OTKRYTOGO TIPA VELICHKOVSKI ELEVATOR,
20667,32633,aka,OTKRYTOE AKTSIONERNOE OBSHCHESTVO 'EYANSKI ELEVATOR',
20667,32634,aka,OPEN JOINT STOCK COMPANY 'EYANSKI ELEVATOR',
20667,32635,fka,OTKRYTOE AKTSIONERNOE OBSHCHESTVO OTKRYTOGO TIPA EYANSKI ELEVATOR,
20668,32637,aka,ZAKRYTOE AKTSIONERNOE OBSHCHESTVO 'KHOMYAKOVSKI KHLADOKOMBINAT',
20668,32638,aka,CLOSED JOINT STOCK COMPANY 'HOMIAKOVSKIY COLD STORAGE COMPLEX',
20668,32639,fka,ZAKRYTOE AKTSIONERNOE OBSHCHESTVO KHOMYAKOVSKI KHLADOKOMBINAT,
20669,32641,aka,OTKRYTOE AKTSIONERNOE OBSHCHESTVO 'MALOROSSISKI ELEVATOR',
20669,32642,aka,OPEN JOINT STOCK COMPANY 'MALOROSSIYSKIY ELEVATOR',
20669,32643,fka,AKTSIONERNOE OBSHCHESTVO OTKRYTOGO TIPA MALOROSSISKI ELEVATOR RUS,
20670,32645,aka,OTKRYTOE AKTSIONERNOE OBSHCHESTVO 'KRYLOVSKI ELVATOR',
20670,32646,aka,OAO 'KRYLOVSKI ELEVATOR',
20670,32647,aka,OPEN JOINT STOCK COMPANY 'KRYLOVSKIY ELEVATOR',
20670,32648,fka,OTKRYTOE AKTSIONERNOE OBSHCHESTVO OTKRYTOGO TIPA KRYLOVSKI ELEVATOR,
20671,32650,aka,OTKRYTOE AKTSIONERNOE OBSHCHESTVO 'ROVNENSKI ELEVATOR',
20671,32651,aka,OAO 'ROVNENSKI ELEVATOR',
20671,32652,aka,OPEN JOINT STOCK COMPANY 'ROVNENSKIY ELEVATOR',
20671,32653,fka,AKTSIONERNOE OBSHCHESTVO OTKRYTOGO TIPA ROVNENSKI ELEVATOR,
20672,32655,aka,OTKRYTOE AKTSIONERNOE OBSHCHESTVO 'STEPNYANSKI ELEVATOR',
20672,32656,aka,OAO 'STEPNYANSKI ELEVATOR',
20672,32657,aka,OPEN JOINT STOCK COMPANY 'STEPNYANSIKY ELEVATOR',
20672,32658,fka,AKTSIONERNOE OBSHCHESTVO OTKRYTOGO TIPA STEPNYANSKI ELEVATOR,
20673,32660,aka,OTKRYTOE AKTSIONERNOE OBSHCHESTVO 'ALBASHSKI ELEVATOR',
20673,32661,aka,OAO 'ALBASHSKI ELEVATOR',
20673,32662,aka,OPEN JOINT STOCK COMPANY 'ALBASHSKIY ELEVATOR',
20673,32663,fka,AKTSIONERNOE OBSHCHESTVO OTKRYTOGO TIPA ALBASHKI ELEVATOR,
20675,32666,aka,OBSHCHESTVO S OGRANICHENNOI OTVETSTVENNOSTYU 'NOVATEK-UST-LUGA',
20675,32667,aka,OOO 'NOVATEK-UST-LUGA',
20676,32669,aka,OBSHCHESTVO S OGRANICHENNOI OTVETSTVENNOSTYU 'SHERVUD PREMER',
20676,32670,aka,SHERVUD PREMIER OOO,
20677,32672,aka,OBSHCHESTVO S OGRANICHENNOI OTVETSTVENNOSTYU 'NOVATEK-TARKOSALENEFTEGAZ',
20677,32673,fka,OBSHCHESTVO S OGRANICHENNOI OTVETSTVENNOSTYU PUR LEND,
20677,32840,aka,OOO NOVATEK-TARKOSALENEFTGAS,
20678,32675,aka,OBSHCHESTVO S OGRANICHENNOI OTVETSTVENNOSTYU 'NOVATEK SEVERO-ZAPAD',
20678,32676,aka,LIMITED LIABILITY COMPANY 'NOVATEK NORTH-WEST',
20678,32816,aka,OOO NOVATEK SEVERO-ZAPAD,
20679,32678,aka,OBSHCHESTVO S OGRANICHENNOI OTVETSTVENNOSTYU 'NOVATEK-PUROVSKI ZPK',
20679,32679,fka,NOVA ZPK OOO,
20679,32841,aka,OOO NOVATEK-PUROVSKY ZPK,
20680,32681,aka,OBSHCHESTVO S OGRANICHENNOI OTVETSTVENNOSTYU 'NOVATEK-TRANSERVIS',
20680,32838,aka,OOO NOVATEK-TRANSERVICE,
20681,32683,aka,OBSHCHESTVO S OGRANICHENNOI OTVETSTVENNOSTYU 'NOVATEK-PERM',
20681,32684,aka,OOO 'NOVATEK-PERM',
20683,32688,aka,OBSHCHESTVO S OGRANICHENNOI OTVETSTVENNOSTYU 'NOVATEK- CHELYABINSK',
20683,32689,fka,YAMALGAZRESURS-CHELYABINSK OOO,
20683,32839,aka,OOO NOVATEK-CHELYABINSK,
20684,32691,aka,OBSHCHESTVO S OGRANICHENNOI OTVETSTVENNOSTYU 'NOVATEK-YARSALENEFTEGAZ',
20685,32693,aka,OBSHCHESTVO S OGRANICHENNOI OTVETSTVENNOSTYU 'NOVATEK-KOSTROMA',
20685,32694,fka,OBSHCHESTVO S OGRANICHENNOI OTVETSTVENNOSTYU KOSTROMSKAYA REGIONALNAYA KOMPANIYA PO REALIZATSII GAZA,
20685,32837,aka,OOO NOVATEK-KOSTROMA,
20686,32842,aka,ZAO TERNEFTGAS,
20687,32697,aka,OBSHCHESTVO S OGRANICHENNOI OTVETSTVENNOSTYU 'YARGEO',
20687,32843,aka,OOO YARGEO,
22383,35192,aka,OBSHCHESTVO S OGRANICHENNOI OTVETSTVENNOSTYU 'TRANSNEFT FINANS',
22383,35193,aka,TRANSNEFT FINANCE LIMITED,
22383,35194,aka,LIMITED LIABILITY COMPANY 'TRANSNEFT FINANS',
22384,35196,aka,OBSHCHESTVO S OGRANICHENNOI OTVETSTVENNOSTYU 'TRANSNEFT - MEDIA',
22384,35197,aka,LLC 'TRANSPRESS',
22384,35198,aka,LIMITED LIABILITY COMPANY 'TRANSPRESS',
22385,35200,aka,AKTSIONERNOE OBSHCHESTVO 'TRANSNEFT-PRIVOLGA',
22385,35201,aka,JSC PRIVOLZHSKNEFTEPROVOD,
22385,35202,aka,OPEN JOINT-STOCK COMPANY 'PRIVOLZHSK OIL TRUNK PIPELINES',
22386,35204,aka,AKTSIONERNOE OBSHCHESTVO 'TRANSNEFT - SIBIR',
22386,35205,aka,"TRANSNEFT SIBIRIA, JSC",
22386,35206,aka,JSC SIBNEFTEPROVOD,
22386,35207,aka,OPEN JOINT-STOCK COMPANY 'SIBNEFTEPROVOD',
22387,35209,aka,OBSHCHESTVO S OGRANICHENNOI OTVETSTVENNOSTYU 'DALNEVOSTOCHNAYA STROITELNAYA DIREKTSIYA',
22387,35211,aka,LIMITED LIABILITY COMPANY 'FAR EAST CONSTRUCTION DIRECTION',
22388,35213,aka,AKTSIONERNOE OBSHCHESTVO 'SVYAZ OBEKTOV TRANSPORTA I DOBYCHI NEFTI',
22388,35214,aka,JSC 'SVYAZTRANSNEFT',
22388,35215,aka,OPEN JOINT-STOCK COMPANY 'COMMUNICATION OF THE OBJECTS OF OIL TRANSPORTATION AND EXTRACTION',
22389,35217,aka,AKTSIONERNOE OBSHCHESTVO 'TRANSNEFT - URAL',
22389,35218,aka,JSC 'URALSIBNEFTEPROVOD',
22389,35219,aka,OPEN JOINT-STOCK COMPANY 'CHERNYAEV URAL-SIBERIAN OIL TRUNK PIPELINES',
22390,35221,aka,AKTSIONERNOE OBSHCHESTVO 'TRANSNEFTEPRODUKT',
22390,35222,aka,TRANSNEFTEPRODUCT JOINT-STOCK CO,
22390,35223,aka,JSC 'TRANSNEFTEPRODUKT',
22390,35224,aka,OPEN JOINT-STOCK COMPANY 'TRANSNEFTEPRODUKT',
22390,35225,fka,AKTSIONERNOE OBSHCHESTVO AKTSIONERNAYA KOMPANIYA TRUBOPROVODNOGO TRANSPORTA NEFTEPRODUKTOV TRANSNEFTEPRODUKT,
22391,35227,aka,AKTSIONERNOE OBSHCHESTVO 'TRANSNEFT - DRUZHBA',
22391,35228,aka,JSC 'DRUZHBA',
22391,35229,aka,OPEN JOINT-STOCK COMPANY 'OIL TRUNK PIPELINES 'DRUZHBA'',
22392,35231,aka,AKTSIONERNOE OBSHCHESTVO 'INSTITUT PO PROEKTIROVANIYU MAGISTRALNYKH TRUBOPROVODOV',
22392,35232,aka,OJSC 'GIPROTRUBOPROVOD',
22392,35233,aka,OPEN JOINT-STOCK COMPANY 'INSTITUTE ON PLANNING OF OIL TRUNK PIPELINES',
22393,35235,aka,AKTSIONERNOE OBSHCHESTVO 'CHERNOMORSKIE MAGISTRALNYE NEFTEPROVODY',
22393,35236,aka,JSC 'CHERNOMORTRANSNEFT',
22393,35237,aka,OPEN JOINT-STOCK COMPANY 'BLACK SEA OIL TRUNK PIPELINES',
22394,35239,aka,OBSHCHESTVO S OGRANICHENNOI OTVETSTVENNOSTYU 'TSENTR UPRAVLENIYA PROEKTOM 'VOSTOCHNAYA SIBIR - TIKHI OKEAN',
22394,35240,aka,LLC TSUP VSTO,
22394,35241,aka,LIMITED LIABILITY COMPANY 'CENTRE OF MANAGEMENT OF THE PROJECT EASTERN SIBERIA-PACIFIC OCEAN',
22395,35243,aka,AKTSIONERNOE OBSHCHESTVO 'TRANSNEFT - TSENTRALNAYA SIBIR',
22395,35244,aka,JSC 'TSENTRSIBNEFTEPROVOD',
22395,35245,aka,OPEN JOINT-STOCK COMPANY 'OIL TRUNK PIPELINES OF CENTRAL SIBERIA',
22396,35247,aka,AKTSIONERNOE OBSHCHESTVO 'TRANSNEFT - SEVER',
22396,35249,aka,OPEN JOINT-STOCK COMPANY 'NORTH OIL TRUNK PIPELINES',
22397,35251,aka,OBSHCHESTVO S OGRANICHENNOI OTVETSTVENNOSTYU 'TRANSNEFT-OKHRANA',
22398,35253,aka,AKTSIONERNOE OBSHCHESTVO 'TRANSNEFT-PODVODSERVIS',
22398,35254,aka,JSC 'VOLZHSKY PODVODNIK',
22398,35255,aka,OPEN JOINT-STOCK COMPANY 'VOLZHSKY PODVODNIK',
22399,35257,aka,AKTSIONERNOE OBSHCHESTVO 'TRANSNEFT - DIASKAN',
22399,35258,aka,JSC 'TRANSNEFT-DIASCAN',
22399,35259,aka,JSC CTD 'DIASKAN',
22399,35260,aka,OPEN JOINT-STOCK COMPANY 'CENTRE OF TECHNICAL DIAGNOSTICS',
22400,35262,aka,AKTSIONERNOE OBSHCHESTVO 'NEGOSUDARSTVENNY PENSIONNY FOND 'TRANSNEFT',
22401,35264,aka,AKTSIONERNOE OBSHCHESTVO 'TRANSNEFTMETROLOGIYA',
22401,35265,aka,CJSC 'CENTRE MO',
22401,35266,aka,CLOSED JOINT-STOCK COMPANY 'CENTRE OF METROLOGICAL PROVISION',
22402,35268,aka,AKTSIONERNOE OBSHCHESTVO 'TRANSNEFT - PRIKAME',
22402,35269,aka,TRANSNEFT-PRIKAMYE AO,
22402,35270,aka,JSC 'SZMN',
22402,35271,aka,OPEN JOINT-STOCK COMPANY 'NORTH-WESTERN OIL TRUNK PIPELINES',
23552,37105,aka,LLC LENGIPRONEFTEKHIM,
23552,37106,aka,LIMITED LIABILITY COMPANY OIL REFINING AND PETROCHEMICAL FACILITIES DESIGN INSTITUTE,
23552,37107,aka,"INSTITUT PO PROEKTIROVANIYU PREDPRIYATY NEFTEPERERABATYVAYUSCHEY I NEFTEKHIMICHESKOY PROMYSHLENNOSTI, LIMITED LIABILITY COMPANY",
23554,37119,aka,"SURGUTMEBEL, LLC",
23554,37120,aka,LLC SURGUTMEBEL,
23554,37121,aka,LLC SYRGUTMEBEL,
23554,37122,aka,LIMITED LIABILITY COMPANY SYRGUTMEBEL,
23557,37125,aka,LLC MEDIA-INVEST,
23557,37126,aka,LIMITED LIABILITY COMPANY MEDIA-INVEST,
23559,37130,aka,LLC PSKOVNEFTEPRODUCT,
23559,37131,aka,LIMITED LIABILITY COMPANY MARKETING ASSOCIATION PSKOVNEFTEPRODUCT,
23562,37138,aka,LLC NOVGORODNEFTEPRODUCT,
23562,37139,aka,NOVGORODNEFTEPRODUKT LLC,
23562,37140,aka,LIMITED LIABILITY COMPANY NOVGORODNEFTEPRODUCT,
23566,37153,aka,OJSC SOVKHOZ CHERVISHEVSKY,
23566,37154,aka,"SOVKHOZ CHERVISHEVSKY, JSC",
23566,37155,aka,OPEN JOINT STOCK COMPANY SOVKHOZ CHERVISHEVSKY,
23568,37158,aka,LLC KINEF,
23568,37159,aka,"KINEF, LLC",
23568,37160,aka,LIMITED LIABILITY COMPANY PRODUCTION ASSOCIATION KIRISHINEFTEORGSINTEZ,
23569,37162,aka,KALININGRADNEFTEPRODUKT LLC,
23569,37163,aka,LLC KALININGRADNEFTEPRODUCT,
23569,37164,aka,LIMITED LIABILITY COMPANY KALININGRADNEFTEPRODUCT,
23570,37166,aka,LLC MA TVERNEFTEPRODUCT,
23570,37167,aka,LIMITED LIABILITY COMPANY MARKETING ASSOCIATION TVERNEFTEPRODUCT,
23571,37169,aka,LLC INSURANCE COMPANY SURGUTNEFTEGAS,
23571,37170,aka,"INSURANCE COMPANY SURGUTNEFTEGAS, LLC",
23571,37171,aka,LIMITED LIABILITY COMPANY INSURANCE COMPANY SURGUTNEFTEGAS,
23572,37173,aka,LLC KIRISHIAVTOSERVIS,
23572,37174,aka,LIMITED LIABILITY COMPANY KIRISHIAVTOSERVIS,
23577,37183,aka,CLOSED JOINT STOCK COMPANY SURGUTNEFTEGASBANK (ZAO SNGB),
23577,37184,aka,JOINT STOCK COMPANY SURGUTNEFTEGASBANK,
23577,37185,aka,JSC BANK SNGB,
27016,42778,aka,DEFENSE INDUSTRIES PRESIDENCY,
27016,42779,fka,UNDERSECRETARIAT FOR DEFENSE INDUSTRIES,
30882,50530,aka,CHINA TELECOM,
30882,50531,aka,"CHINA TELECOM CO., LTD",
30882,50532,aka,CHINA TELECOM CORP LTD,
30902,48589,aka,AERO ENGINE CORP OF CHINA,
30902,50454,aka,"CHINA AVIATION ENGINE GROUP CO., LTD",
30923,50613,aka,CHINA MOBILE LTD,
30924,50615,fka,CHINA UNICOM LIMITED,
30925,50464,aka,AVIATION INDUSTRY CORP OF CHINA,
30925,50466,aka,AVIATION INDUSTRY OF CHINA,
30926,50614,aka,CNOOC LTD,
30928,48621,aka,CHINA AEROSPACE SCIENCE AND INDUSTRY CORPORATION,
30928,50495,aka,CASIC,
30930,48627,aka,CHINA COMMUNICATIONS CONSTRUCTION CO LTD,
30930,50525,aka,CHINA COMMUNICATIONS CONSTRUCTION COMPANY LTD,
30930,50526,aka,CHINA COMMUNICATIONS CONSTR CO LTD,
30933,48632,aka,"CHINA SOUTH INDUSTRIES GROUP CO., LTD.",
30934,50487,aka,CHINA SPACESAT,
30937,48642,aka,CHINA GENERAL NUCLEAR POWER CORP,
30938,48644,aka,CHINA STATE SHIPBUILDING CORPORATION,
30938,50514,aka,CHINA SHIPBUILDING CORPORATION,
30938,50517,aka,CHINA STATE SHIPBUILDING CORPORATION CO. LTD,
30939,48646,aka,CHINA TELECOM,
30939,48647,aka,"CHINA TELECOM GROUP CO., LTD.",
30942,48654,aka,CHINA UNITED NETWORK COMMUNICATIONS GROUP COMPANY LIMITED,
30942,50528,aka,CHINA UNICOM,
30942,50529,fka,CHINA UNITED TELECOMMUNICATIONS CORPORATION,
30944,48665,aka,CHINA MOBILE,
30946,48662,aka,HIKVISION,
30946,48893,aka,HANGZHOU HIKVISION DIGITAL TECHNOLOGY,
30947,48664,aka,HUAWEI INVESTMENT & HOLDING CO LTD,
30949,48671,aka,INSPUR GROUP,
30950,50488,aka,PANDA ELECTRONICS GROUP LIMITED,
30951,48676,aka,SEMICONDUCTOR MFG INTL CORP,
30951,50629,aka,SEMICONDUCTOR MANUFACTURING INTERNATIONAL CORPORATION LIMITED,
30951,50630,aka,"SEMICONDUCTOR MANUFACTURING INTERNATIONAL CORPORATION CO., LTD",
30954,48890,aka,CHINA NATIONAL NUCLEAR CORP,
30956,48894,aka,CHINA NATIONAL OFFSHORE OIL CORP.,
30956,50504,aka,CNOOC,
30957,48687,aka,NORINCO,
30957,48688,aka,CHINA NORTH INDUSTRIES GROUP CORPORATION,
30957,50489,aka,NORINCO GROUP,
30957,50520,aka,CHINA NORTH INDUSTRIES GROUP CO. LTD,
30958,48690,aka,CHINA NUCLEAR ENGINEERING & CONSTRUCTION CORP LTD,
30958,50553,aka,CHINA NATIONAL ENGINEERING & CONSTRUCTION CORPORATION LIMITED,
31695,49722,aka,"BANK ROSSI, FEDERAL STATE BUDGETARY INSTITUTION",
31695,49723,aka,BANK OF RUSSIA,
31695,49724,aka,"BANK OF RUSSIA, CENTRAL BANK",
31695,49725,aka,TSENTRALNY BANK ROSSISKOI FEDERATSII,
31695,49726,aka,CENTRAL BANK OF RUSSIA,
32028,50234,aka,"ANHUI GREAT WALL MILITARY INDUSTRY CO., LTD",
32028,50236,aka,"ANHUI GREATWALL MILITARY INDUSTRY CO., LTD.",
32028,50237,aka,GREATWALL MILITARY,
32028,50238,aka,GREATWALL MILITARY INDUSTRY,
32052,50272,aka,AVIC XIAN AIRCRAFT INDUSTRY GROUP CO LTD,
32052,50273,aka,XI'AN AIRCRAFT INDUSTRY GROUP CO LTD,
32052,50274,aka,"AVIC AIRCRAFT CO., LTD.",
32052,50275,aka,XI'AN AIRCRAFT INDUSTRIAL CORP.,
32053,50277,aka,"AVIC HEAVY MACHINERY CO., LTD.",
32053,50278,fka,"GUIZHOU LIYUAN HYDRAULIC CO., LTD.",
32053,50279,fka,"GUIZHOU LIYUAN HYDRAULIC COMPONENTS CO., LTD.",
32055,50298,aka,JONHON,
32056,50301,aka,SHENYANG AIRCRAFT CO. LTD.,
32056,50302,fka,"DONGAN HEIBAO CO., LTD.",
32069,50321,aka,CHINA SATCOM,
32072,50330,aka,CHINA COMMUNICATIONS CONSTRUCTION GROUP (LTD),
32072,50332,aka,CHINA COMMUNICATIONS GROUP CO. LTD,
32072,50333,aka,CHINA COMMUNICATIONS GROUP COMPANY LIMITED,
32073,50336,aka,"AEROSPACE COMMUNICATIONS HOLDINGS CO., LTD.",
32073,50337,aka,AEROCOM,
32073,50339,fka,AEROSPACE COMMUNICATIONS HOLDINGS COMPANY LIMITED,
32077,50348,aka,TORCH ELECTRON,
32078,50350,aka,FIRMACO,
32078,50351,fka,BAOTOU BEIFANG CHUANGYE COMPANY LIMITED,
32079,50353,aka,COMEC,
32079,50354,fka,GUANGZHOU SHIPYARD INTERNATIONAL COMPANY LIMITED,
32082,50358,aka,"AVIC AVIATION HIGH-TECHNOLOGY CO., LTD.",
32082,50359,aka,AVIC HI-TECH,
32082,50360,fka,TONTEC TECHNOLOGY INVESTMENT GROUP COMPANY LIMITED,
32084,50364,fka,ZHEJIANG NANYANG TECHNOLOGY COMPANY LIMITED,
32085,50368,fka,LONG MARCH LAUNCH VEHICLE TECHNOLOGY COMPANY LIMITED,
32087,50372,aka,"HUAWEI INVESTMENT AND HOLDING CO., LTD.",
32089,50376,aka,PROVEN GLORY,
32090,50378,aka,"CHINA AVIONICS SYSTEMS CO., LTD",
32090,50379,aka,AVIC AVIONICS,
32090,50381,fka,"CHINA AVIC ELECTRONICS CO., LTD",
32090,50382,fka,CHINA AVIC ELECTRONICS COMPANY LIMITED,
32091,50383,aka,PROVEN HONOUR CAPITAL LTD,
32091,50384,aka,PROVEN HONOUR,
32100,50411,aka,CHINA SHIPBUILDING INDUSTRY CO LTD,
32102,50417,aka,"CHANGSHA JINGJIA MICROELECTRONICS CO., LTD",
32102,50418,aka,JINGJIA MICRO,
32103,50420,aka,CHINA MARINE INFORMATION ELECTRONICS CO LTD,
32103,50421,fka,"CHINA SHIPBUILDING INDUSTRY GROUP MARINE DEFENSE AND INFORMATION CONFRONTATION CO., LTD.",
32103,50422,fka,CEC CORECAST CORPORATION LIMITED,
32106,50427,aka,CHINA SHIPBUILDING INDUSTRY GROUP POWER CO LTD,
32106,50428,aka,CHINA SHIPBUILDING INDUSTRY GROUP POWER,
32106,50429,aka,CSIC POWER,
32106,50431,fka,"FENGFAN CO., LTD.",
32107,50433,aka,COSTAR GROUP CO,
32107,50434,fka,"LIDA OPTICAL & ELECTRONIC CO., LTD.",
32128,50482,aka,NANJING PANDA ELECTRONIC CO. LTD.,
32128,50483,aka,NANJING PANDA ELECTR. CO. LTD.,
32128,50484,aka,NANJING PANDA,
32129,50497,aka,AEROSUN CORP.,
32129,50498,aka,AEROSUN,
32130,50500,fka,"BEIJING NORTH PHENIX INTELLIGENCE TECHNOLOGY CO., LTD.",
32130,50501,fka,"CHINA NORTH OPTICAL-ELECTRICAL TECHNOLOGY CO., LTD.",
32131,50503,aka,"SHAANXI ZHONGTIAN ROCKET TECHNOLOGY CO., LTD",
32153,50519,aka,"ZHONGHANG ELECTRONIC MEASURING INSTRUMENTS CO., LTD",
32153,50521,aka,ZEMIC,
32153,50523,aka,AVIC ZEMIC,
33114,52095,aka,SENSETIME GROUP LTD,
33894,53113,aka,"LEON TECHNOLOGY CO., LTD.",
33895,53116,aka,"NETPOSA TECHNOLOGIES, LTD.",
33895,53117,aka,NETPOSA,
34556,54107,aka,ROSTELEKOM PJSC,
34556,54108,aka,PJSC ROSTELECOM,
34556,54109,aka,PUBLICHNOE AKTSIONERNOY OBSHCHESTVO ROSTELEKOM,
34556,54110,aka,PUBLICHNOE AKTSIONERNOE OBSHCHESTVO ROSTELEKOM,
34556,54111,aka,ROSTELECOM,
34556,54112,fka,PAO MEZHDUGORODNOI I MEZHDUNARODNOI ELEKTRICHESKOI SVYAZI ROSTELEKOM,
34578,54302,aka,PUBLIC JOINT-STOCK COMPANY FEDERAL HYDRO-GENERATING COMPANY - RUSHYDRO,
34578,54303,aka,FEDERAL HYDRO-GENERATING COMPANY RUSHYDRO PAO,
34578,54304,aka,PUBLICHNOE AKTSIONERNOE OBSCHESTVO FEDERALNAYA GYDROGENERIRUYUSCHAYA KOMPANIYA-RUSGYDRO,
34578,54305,aka,PUBLICHNOE AKTSIONERNOE OBSHCHESTVO FEDERALNAYA GIDROGENERIRUYUSHCHAYA KOMPANIYA - RUSGIDRO,
34578,54306,aka,"RUSGIDRO, PAO",
34578,54309,fka,FEDERAL HYDRO-GENERATING COMPANY RUSHYDRO OAO,
34578,54310,fka,GIDROOGK OAO,
34578,54312,fka,OTKRYTOE AKTSIONERNOE OBSCHESTVO FEDERALNAYA GYDROGENERIRUYUSCHAYA KOMPANIYA-RUSGYDRO,
34736,54467,aka,JSC RUSSIAN RAILWAYS,
34736,54468,aka,RUSSIAN RAILWAYS JSC,
34736,54469,aka,RUSSIAN RAILWAYS,
